{
  "status": 1,
  "data":
  [{
    "_id": 0,
    "biSrc": "http://placehold.it/114x94",
    "date": "2016.8",
    "content": "텐센트 게임즈-몬스터캐슬 런칭 캠페인을 수주하였습니다.\n새로운 차원의 디펜스전략게임, 몬스터캐슬"
  },{
    "_id": 0,
    "biSrc": "http://placehold.it/114x94",
    "date": "2016.8",
    "content": "텐센트 게임즈-몬스터캐슬 런칭 캠페인을 수주하였습니다.\n새로운 차원의 디펜스전략게임, 몬스터캐슬"
  },{
    "_id": 0,
    "biSrc": "http://placehold.it/114x94",
    "date": "2016.8",
    "content": "텐센트 게임즈-몬스터캐슬 런칭 캠페인을 수주하였습니다.\n새로운 차원의 디펜스전략게임, 몬스터캐슬"
  },{
    "_id": 0,
    "biSrc": "http://placehold.it/114x94",
    "date": "2016.8",
    "content": "텐센트 게임즈-몬스터캐슬 런칭 캠페인을 수주하였습니다.\n새로운 차원의 디펜스전략게임, 몬스터캐슬"
  }]
}